0.png,lowres
1.png,lowres
2.png,lowres
3.png,lowres
4.png,lowres
5.png,lowres
6.png,lowres
7.png,lowres
8.png,lowres
9.png,lowres
10.png,lowres
11.png,lowres
12.png,lowres
13.png,lowres
14.png,lowres
15.png,lowres
16.png,lowres
17.png,lowres
18.png,lowres
19.png,lowres
24.png,lowres
25.png,lowres
26.png,lowres
27.png,lowres
28.png,lowres
29.png,lowres
30.png,lowres
31.png,lowres
32.png,lowres
33.png,lowres
34.png,lowres
38.png,lowres
39.png,lowres
40.png,lowres
41.png,lowres
42.png,lowres
43.png,lowres
44.png,lowres
45.png,lowres
46.png,lowres
47.png,lowres
48.png,lowres
49.png,lowres
0_ism.png,highres
1_ism.png,highres
2_ism.png,highres
3_ism.png,highres
4_ism.png,highres
5_ism.png,highres
6_ism.png,highres
7_ism.png,highres
8_ism.png,highres
9_ism.png,highres
10_ism.png,highres
11_ism.png,highres
12_ism.png,highres
13_ism.png,highres
14_ism.png,highres
15_ism.png,highres
16_ism.png,highres
17_ism.png,highres
18_ism.png,highres
19_ism.png,highres
24_ism.png,highres
25_ism.png,highres
26_ism.png,highres
27_ism.png,highres
28_ism.png,highres
29_ism.png,highres
30_ism.png,highres
31_ism.png,highres
32_ism.png,highres
33_ism.png,highres
34_ism.png,highres
38_ism.png,highres
39_ism.png,highres
40_ism.png,highres
41_ism.png,highres
42_ism.png,highres
43_ism.png,highres
44_ism.png,highres
45_ism.png,highres
46_ism.png,highres
47_ism.png,highres
48_ism.png,highres
49_ism.png,highres
