0_ism.tif,1
1_ism.tif,1
2_ism.tif,1
3_ism.tif,1
4_ism.tif,1
5_ism.tif,1
6_ism.tif,1
7_ism.tif,1
8_ism.tif,1
9_ism.tif,1
10_ism.tif,1
11_ism.tif,1
12_ism.tif,1
13_ism.tif,1
14_ism.tif,1
15_ism.tif,1
16_ism.tif,1
17_ism.tif,1
18_ism.tif,1
19_ism.tif,1
24_ism.tif,1
25_ism.tif,1
26_ism.tif,1
27_ism.tif,1
28_ism.tif,1
29_ism.tif,1
30_ism.tif,1
31_ism.tif,1
32_ism.tif,1
33_ism.tif,1
34_ism.tif,1
38_ism.tif,1
39_ism.tif,1
40_ism.tif,1
41_ism.tif,1
42_ism.tif,1
43_ism.tif,1
44_ism.tif,1
45_ism.tif,1
46_ism.tif,1
47_ism.tif,1
48_ism.tif,1
49_ism.tif,1
